<?xml version="1.0" encoding="UTF-8"?>
<beans xmlns="http://www.springframework.org/schema/beans"
	xmlns:xsi="http://www.w3.org/2001/XMLSchema-instance"
	xmlns:batch="http://www.springframework.org/schema/batch"
	xmlns:jdbc="http://www.springframework.org/schema/jdbc"
	xmlns:context="http://www.springframework.org/schema/context"
	xsi:schemaLocation="http://www.springframework.org/schema/batch http://www.springframework.org/schema/batch/spring-batch.xsd
		http://www.springframework.org/schema/jdbc http://www.springframework.org/schema/jdbc/spring-jdbc-4.3.xsd
		http://www.springframework.org/schema/beans http://www.springframework.org/schema/beans/spring-beans.xsd
		http://www.springframework.org/schema/context http://www.springframework.org/schema/context/spring-context-4.3.xsd">

	<!-- 注册job for test start -->
	<bean id="jobRegistry" class="org.springframework.batch.core.configuration.support.MapJobRegistry"></bean>
	<!-- 注册job for test end -->

    <bean id="transactionManager" class="org.springframework.jdbc.datasource.DataSourceTransactionManager">
    	<property name="dataSource" ref="dataSource"></property>
    </bean>

    <bean id="jobRepository" class="org.springframework.batch.core.repository.support.JobRepositoryFactoryBean">
    	<property name="dataSource" ref="dataSource"></property>
    	<property name="transactionManager" ref="transactionManager"></property>
    </bean>

    <bean id="jobLauncher" class="org.springframework.batch.core.launch.support.SimpleJobLauncher">
    	<property name="jobRepository" ref="jobRepository"></property>
    </bean>

    <!-- add job for ExportESDataToFileTasklet  -->
	<batch:job id="job4ExportESDataToFileTasklet" restartable="true">
		<batch:step id="job4ExportESDataToFileTaskle" allow-start-if-complete="true">
			<batch:tasklet ref="myTasklet4ExportESDataToFileTasklet">
			</batch:tasklet>
		</batch:step>
	</batch:job>

	<!-- add bean for myTasklet  -->
	<bean id="myTasklet4ExportESDataToFileTasklet" class="com.zx.bt.batch.tasklet.ExportESDataToFileTasklet">
		<property name="userDao" ref="userDao"></property>
	</bean>


</beans>
