<?xml version="1.0" encoding="UTF-8" ?>
<Configuration>
    <!--文件输出位置配置-->
    <property name="log_dir" value="/log/zx-bt-web"/>
    <!--将日志输出到滚动台配置-->
    <appender name="consoleLog" class="ch.qos.logback.core.ConsoleAppender" >
        <layout class="ch.qos.logback.classic.PatternLayout" >
            <pattern>
                [%d{yyyy-MM-dd HH:mm:ss.SSS}] [%-36.36thread] [%-5level] [%-36.36logger{36}:%-4.4line] - %msg%n
            </pattern>
        </layout>
    </appender>

    <!--将Info级别日志每天输出到文件 配置-->
    <appender name="fileInfoLog" class="ch.qos.logback.core.rolling.RollingFileAppender">
        <!--只过滤error级别的日志，相当于不再info日志中输出error级别的日志-->
        <!--<filter class="ch.qos.logback.classic.filter.LevelFilter">-->
            <!--<level>ERROR</level>-->
            <!--&lt;!&ndash;匹配则禁止&ndash;&gt;-->
            <!--<onMatch>DENY</onMatch>-->
            <!--&lt;!&ndash;不匹配则接受&ndash;&gt;-->
            <!--<onMismatch>ACCEPT</onMismatch>-->
        <!--</filter>-->
        <encoder>
            <pattern>
                [%d{yyyy-MM-dd HH:mm:ss.SSS}] [%-36.36thread] [%-5level] [%-36.36logger{36}:%-4.4line] - %msg%n
            </pattern>
        </encoder>
        <!--滚动策略-->
        <rollingPolicy class="ch.qos.logback.core.rolling.TimeBasedRollingPolicy">
            <!--路径,在文件名中加入了时间-->
            <fileNamePattern>${log_dir}/info.%d.log</fileNamePattern>
        </rollingPolicy>
    </appender>

    <!--将error级别日志每天输出到文件 配置-->
    <appender name="fileErrorLog" class="ch.qos.logback.core.rolling.RollingFileAppender">
        <!--过滤出error等级的日志，相当于只输出error级别的日志-->
        <filter class="ch.qos.logback.classic.filter.ThresholdFilter">
            <level>ERROR</level>
        </filter>
        <encoder>
            <pattern>
                [%d{yyyy-MM-dd HH:mm:ss.SSS}] [%-36.36thread] [%-5level] [%-36.36logger{36}:%-4.4line] - %msg%n
            </pattern>
        </encoder>
        <!--滚动策略-->
        <rollingPolicy class="ch.qos.logback.core.rolling.TimeBasedRollingPolicy">
            <!--路径,在文件名中加入了时间-->
            <fileNamePattern>${log_dir}/error.%d.log</fileNamePattern>
        </rollingPolicy>
    </appender>


    <root level="info">
        <appender-ref ref="consoleLog"/>
        <appender-ref ref="fileInfoLog"/>
        <appender-ref ref="fileErrorLog"/>
    </root>
</Configuration>