[{"key": "0111", "value": "\u8398\u5e84"}, {"key": "0112", "value": "\u5916\u73af\u8def"}, {"key": "0113", "value": "\u83b2\u82b1\u8def"}, {"key": "0114", "value": "\u9526\u6c5f\u4e50\u56ed"}, {"key": "0115", "value": "\u4e0a\u6d77\u5357\u7ad9"}, {"key": "0116", "value": "\u6f15\u5b9d\u8def"}, {"key": "0117", "value": "\u4e0a\u6d77\u4f53\u80b2\u9986"}, {"key": "0118", "value": "\u5f90\u5bb6\u6c47"}, {"key": "0119", "value": "\u8861\u5c71\u8def"}, {"key": "0120", "value": "\u5e38\u719f\u8def"}, {"key": "0121", "value": "\u9655\u897f\u5357\u8def"}, {"key": "0122", "value": "\u9ec4\u9642\u5357\u8def"}, {"key": "0123", "value": "\u4eba\u6c11\u5e7f\u573a"}, {"key": "0124", "value": "\u65b0\u95f8\u8def"}, {"key": "0125", "value": "\u6c49\u4e2d\u8def"}, {"key": "0126", "value": "\u4e0a\u6d77\u706b\u8f66\u7ad9"}, {"key": "0127", "value": "\u4e2d\u5c71\u5317\u8def"}, {"key": "0128", "value": "\u5ef6\u957f\u8def"}, {"key": "0129", "value": "\u4e0a\u6d77\u9a6c\u620f\u57ce"}, {"key": "0130", "value": "\u6c76\u6c34\u8def"}, {"key": "0131", "value": "\u5f6d\u6d66\u65b0\u6751"}, {"key": "0132", "value": "\u5171\u5eb7\u8def"}, {"key": "0133", "value": "\u901a\u6cb3\u65b0\u6751"}, {"key": "0134", "value": "\u547c\u5170\u8def"}, {"key": "0135", "value": "\u5171\u5bcc\u65b0\u6751"}, {"key": "0136", "value": "\u5b9d\u5b89\u516c\u8def"}, {"key": "0137", "value": "\u53cb\u8c0a\u897f\u8def"}, {"key": "0138", "value": "\u5bcc\u9526\u8def"}, {"key": "0234", "value": "\u5f90\u6cfe\u4e1c"}, {"key": "0235", "value": "\u8679\u6865\u706b\u8f66\u7ad9"}, {"key": "0236", "value": "\u8679\u68652\u53f7\u822a\u7ad9\u697c"}, {"key": "0237", "value": "\u6dde\u8679\u8def"}, {"key": "0238", "value": "\u5317\u65b0\u6cfe"}, {"key": "0239", "value": "\u5a01\u5b81\u8def"}, {"key": "0240", "value": "\u5a04\u5c71\u5173\u8def"}, {"key": "0241", "value": "\u4e2d\u5c71\u516c\u56ed"}, {"key": "0242", "value": "\u6c5f\u82cf\u8def"}, {"key": "0243", "value": "\u9759\u5b89\u5bfa"}, {"key": "0244", "value": "\u5357\u4eac\u897f\u8def"}, {"key": "0245", "value": "\u4eba\u6c11\u5e7f\u573a"}, {"key": "0246", "value": "\u5357\u4eac\u4e1c\u8def"}, {"key": "0247", "value": "\u9646\u5bb6\u5634"}, {"key": "0248", "value": "\u4e1c\u660c\u8def"}, {"key": "0249", "value": "\u4e16\u7eaa\u5927\u9053"}, {"key": "0250", "value": "\u4e0a\u6d77\u79d1\u6280\u9986"}, {"key": "0251", "value": "\u4e16\u7eaa\u516c\u56ed"}, {"key": "0252", "value": "\u9f99\u9633\u8def"}, {"key": "0253", "value": "\u5f20\u6c5f\u9ad8\u79d1"}, {"key": "0254", "value": "\u91d1\u79d1\u8def"}, {"key": "0255", "value": "\u5e7f\u5170\u8def"}, {"key": "0256", "value": "\u5510\u9547"}, {"key": "0257", "value": "\u521b\u65b0\u4e2d\u8def"}, {"key": "0258", "value": "\u534e\u590f\u4e1c\u8def"}, {"key": "0259", "value": "\u5ddd\u6c99"}, {"key": "0260", "value": "\u51cc\u7a7a\u8def"}, {"key": "0261", "value": "\u8fdc\u4e1c\u5927\u9053"}, {"key": "0262", "value": "\u6d77\u5929\u4e09\u8def"}, {"key": "0263", "value": "\u6d66\u4e1c\u56fd\u9645\u673a\u573a"}, {"key": "0311", "value": "\u4e0a\u6d77\u5357\u7ad9"}, {"key": "0312", "value": "\u77f3\u9f99\u8def"}, {"key": "0313", "value": "\u9f99\u6f15\u8def"}, {"key": "0314", "value": "\u6f15\u6eaa\u8def"}, {"key": "0315", "value": "\u5b9c\u5c71\u8def"}, {"key": "0316", "value": "\u8679\u6865\u8def"}, {"key": "0317", "value": "\u5ef6\u5b89\u897f\u8def"}, {"key": "0318", "value": "\u4e2d\u5c71\u516c\u56ed"}, {"key": "0319", "value": "\u91d1\u6c99\u6c5f\u8def"}, {"key": "0320", "value": "\u66f9\u6768\u8def"}, {"key": "0321", "value": "\u9547\u576a\u8def"}, {"key": "0322", "value": "\u4e2d\u6f6d\u8def"}, {"key": "0323", "value": "\u4e0a\u6d77\u706b\u8f66\u7ad9"}, {"key": "0324", "value": "\u5b9d\u5c71\u8def"}, {"key": "0325", "value": "\u4e1c\u5b9d\u5174\u8def"}, {"key": "0326", "value": "\u8679\u53e3\u8db3\u7403\u573a"}, {"key": "0327", "value": "\u8d64\u5cf0\u8def"}, {"key": "0328", "value": "\u5927\u67cf\u6811"}, {"key": "0329", "value": "\u6c5f\u6e7e\u9547"}, {"key": "0330", "value": "\u6bb7\u9ad8\u897f\u8def"}, {"key": "0331", "value": "\u957f\u6c5f\u5357\u8def"}, {"key": "0332", "value": "\u6dde\u53d1\u8def"}, {"key": "0333", "value": "\u5f20\u534e\u6d5c"}, {"key": "0334", "value": "\u6dde\u6ee8\u8def"}, {"key": "0335", "value": "\u6c34\u4ea7\u8def"}, {"key": "0336", "value": "\u5b9d\u6768\u8def"}, {"key": "0337", "value": "\u53cb\u8c0a\u8def"}, {"key": "0338", "value": "\u94c1\u529b\u8def"}, {"key": "0339", "value": "\u6c5f\u6768\u5317\u8def"}, {"key": "0401", "value": "\u4e0a\u6d77\u4f53\u80b2\u9986"}, {"key": "0402", "value": "\u5b9c\u5c71\u8def"}, {"key": "0403", "value": "\u8679\u6865\u8def"}, {"key": "0404", "value": "\u5ef6\u5b89\u897f\u8def"}, {"key": "0405", "value": "\u4e2d\u5c71\u516c\u56ed"}, {"key": "0406", "value": "\u91d1\u6c99\u6c5f\u8def"}, {"key": "0407", "value": "\u66f9\u6768\u8def"}, {"key": "0408", "value": "\u9547\u576a\u8def"}, {"key": "0409", "value": "\u4e2d\u6f6d\u8def"}, {"key": "0410", "value": "\u4e0a\u6d77\u706b\u8f66\u7ad9"}, {"key": "0411", "value": "\u5b9d\u5c71\u8def"}, {"key": "0412", "value": "\u6d77\u4f26\u8def"}, {"key": "0413", "value": "\u4e34\u5e73\u8def"}, {"key": "0414", "value": "\u5927\u8fde\u8def"}, {"key": "0415", "value": "\u6768\u6811\u6d66\u8def"}, {"key": "0416", "value": "\u6d66\u4e1c\u5927\u9053"}, {"key": "0417", "value": "\u4e16\u7eaa\u5927\u9053"}, {"key": "0418", "value": "\u6d66\u7535\u8def"}, {"key": "0419", "value": "\u84dd\u6751\u8def"}, {"key": "0420", "value": "\u5858\u6865"}, {"key": "0421", "value": "\u5357\u6d66\u5927\u6865"}, {"key": "0422", "value": "\u897f\u85cf\u5357\u8def"}, {"key": "0423", "value": "\u9c81\u73ed\u8def"}, {"key": "0424", "value": "\u5927\u6728\u6865\u8def"}, {"key": "0425", "value": "\u4e1c\u5b89\u8def"}, {"key": "0426", "value": "\u4e0a\u6d77\u4f53\u80b2\u573a"}, {"key": "0427", "value": "\u5185\u5708"}, {"key": "0428", "value": "\u5916\u5708"}, {"key": "0429", "value": "\u5185\u5708(\u5b9c\u5c71\u8def)"}, {"key": "0430", "value": "\u5916\u5708(\u5b9c\u5c71\u8def)"}, {"key": "0501", "value": "\u8398\u5e84"}, {"key": "0502", "value": "\u6625\u7533\u8def"}, {"key": "0503", "value": "\u94f6\u90fd\u8def"}, {"key": "0505", "value": "\u989b\u6865"}, {"key": "0507", "value": "\u5317\u6865"}, {"key": "0508", "value": "\u5251\u5ddd\u8def"}, {"key": "0509", "value": "\u4e1c\u5ddd\u8def"}, {"key": "0510", "value": "\u91d1\u5e73\u8def"}, {"key": "0511", "value": "\u534e\u5b81\u8def"}, {"key": "0512", "value": "\u6587\u4e95\u8def"}, {"key": "0513", "value": "\u95f5\u884c\u5f00\u53d1\u533a"}, {"key": "0621", "value": "\u4e1c\u65b9\u4f53\u80b2\u4e2d\u5fc3"}, {"key": "0622", "value": "\u7075\u5ca9\u5357\u8def"}, {"key": "0623", "value": "\u4e0a\u5357\u8def"}, {"key": "0624", "value": "\u534e\u590f\u897f\u8def"}, {"key": "0625", "value": "\u9ad8\u9752\u8def"}, {"key": "0626", "value": "\u4e1c\u660e\u8def"}, {"key": "0627", "value": "\u9ad8\u79d1\u897f\u8def"}, {"key": "0628", "value": "\u4e34\u6c82\u65b0\u6751 "}, {"key": "0629", "value": "\u4e0a\u6d77\u513f\u7ae5\u533b\u5b66\u4e2d\u5fc3"}, {"key": "0630", "value": "\u84dd\u6751\u8def"}, {"key": "0631", "value": "\u6d66\u7535\u8def "}, {"key": "0632", "value": "\u4e16\u7eaa\u5927\u9053"}, {"key": "0633", "value": "\u6e90\u6df1\u4f53\u80b2\u4e2d\u5fc3"}, {"key": "0634", "value": "\u6c11\u751f\u8def"}, {"key": "0635", "value": "\u5317\u6d0b\u6cfe\u8def"}, {"key": "0636", "value": "\u5fb7\u5e73\u8def"}, {"key": "0637", "value": "\u4e91\u5c71\u8def"}, {"key": "0638", "value": "\u91d1\u6865\u8def"}, {"key": "0639", "value": "\u535a\u5174\u8def"}, {"key": "0640", "value": "\u4e94\u83b2\u8def"}, {"key": "0641", "value": "\u5de8\u5cf0\u8def"}, {"key": "0642", "value": "\u4e1c\u9756\u8def"}, {"key": "0643", "value": "\u4e94\u6d32\u5927\u9053"}, {"key": "0644", "value": "\u6d32\u6d77\u8def"}, {"key": "0645", "value": "\u5916\u9ad8\u6865\u4fdd\u7a0e\u533a\u5357\u7ad9"}, {"key": "0646", "value": "\u822a\u6d25\u8def"}, {"key": "0647", "value": "\u5916\u9ad8\u6865\u4fdd\u7a0e\u533a\u5317\u7ad9"}, {"key": "0648", "value": "\u6e2f\u57ce\u8def"}, {"key": "0721", "value": "\u7f8e\u5170\u6e56"}, {"key": "0722", "value": "\u7f57\u5357\u65b0\u6751"}, {"key": "0723", "value": "\u6f58\u5e7f\u8def"}, {"key": "0724", "value": "\u5218\u884c"}, {"key": "0725", "value": "\u987e\u6751\u516c\u56ed"}, {"key": "0726", "value": "\u7941\u534e\u8def"}, {"key": "0727", "value": "\u4e0a\u6d77\u5927\u5b66"}, {"key": "0728", "value": "\u5357\u9648\u8def"}, {"key": "0729", "value": "\u4e0a\u5927\u8def"}, {"key": "0730", "value": "\u573a\u4e2d\u8def"}, {"key": "0731", "value": "\u5927\u573a\u9547"}, {"key": "0732", "value": "\u884c\u77e5\u8def"}, {"key": "0733", "value": "\u5927\u534e\u4e09\u8def"}, {"key": "0734", "value": "\u65b0\u6751\u8def"}, {"key": "0735", "value": "\u5c9a\u768b\u8def"}, {"key": "0736", "value": "\u9547\u576a\u8def"}, {"key": "0737", "value": "\u957f\u5bff\u8def"}, {"key": "0738", "value": "\u660c\u5e73\u8def"}, {"key": "0739", "value": "\u9759\u5b89\u5bfa"}, {"key": "0740", "value": "\u5e38\u719f\u8def"}, {"key": "0741", "value": "\u8087\u5609\u6d5c\u8def"}, {"key": "0742", "value": "\u4e1c\u5b89\u8def"}, {"key": "0743", "value": "\u9f99\u534e\u4e2d\u8def"}, {"key": "0744", "value": "\u540e\u6ee9"}, {"key": "0745", "value": "\u957f\u6e05\u8def"}, {"key": "0746", "value": "\u8000\u534e\u8def"}, {"key": "0747", "value": "\u4e91\u53f0\u8def"}, {"key": "0748", "value": "\u9ad8\u79d1\u897f\u8def"}, {"key": "0749", "value": "\u6768\u9ad8\u5357\u8def"}, {"key": "0750", "value": "\u9526\u7ee3\u8def"}, {"key": "0751", "value": "\u82b3\u534e\u8def"}, {"key": "0752", "value": "\u9f99\u9633\u8def"}, {"key": "0753", "value": "\u82b1\u6728\u8def"}, {"key": "0820", "value": "\u6c88\u675c\u516c\u8def"}, {"key": "0821", "value": "\u8054\u822a\u8def"}, {"key": "0822", "value": "\u6c5f\u6708\u8def"}, {"key": "0823", "value": "\u6d66\u6c5f\u9547"}, {"key": "0824", "value": "\u82a6\u6052\u8def"}, {"key": "0825", "value": "\u51cc\u5146\u65b0\u6751"}, {"key": "0826", "value": "\u4e1c\u65b9\u4f53\u80b2\u4e2d\u5fc3"}, {"key": "0827", "value": "\u6768\u601d"}, {"key": "0828", "value": "\u6210\u5c71\u8def"}, {"key": "0829", "value": "\u8000\u534e\u8def"}, {"key": "0830", "value": "\u4e2d\u534e\u827a\u672f\u5bab"}, {"key": "0831", "value": "\u897f\u85cf\u5357\u8def"}, {"key": "0832", "value": "\u9646\u5bb6\u6d5c\u8def"}, {"key": "0833", "value": "\u8001\u897f\u95e8"}, {"key": "0834", "value": "\u5927\u4e16\u754c"}, {"key": "0835", "value": "\u4eba\u6c11\u5e7f\u573a"}, {"key": "0836", "value": "\u66f2\u961c\u8def"}, {"key": "0837", "value": "\u4e2d\u5174\u8def"}, {"key": "0838", "value": "\u897f\u85cf\u5317\u8def"}, {"key": "0839", "value": "\u8679\u53e3\u8db3\u7403\u573a"}, {"key": "0840", "value": "\u66f2\u9633\u8def"}, {"key": "0841", "value": "\u56db\u5e73\u8def"}, {"key": "0842", "value": "\u978d\u5c71\u65b0\u6751"}, {"key": "0843", "value": "\u6c5f\u6d66\u8def"}, {"key": "0844", "value": "\u9ec4\u5174\u8def"}, {"key": "0845", "value": "\u5ef6\u5409\u4e2d\u8def"}, {"key": "0846", "value": "\u9ec4\u5174\u516c\u56ed"}, {"key": "0847", "value": "\u7fd4\u6bb7\u8def"}, {"key": "0848", "value": "\u5ae9\u6c5f\u8def"}, {"key": "0849", "value": "\u5e02\u5149\u8def"}, {"key": "0918", "value": "\u677e\u6c5f\u5357\u7ad9"}, {"key": "0919", "value": "\u9189\u767d\u6c60"}, {"key": "0920", "value": "\u677e\u6c5f\u4f53\u80b2\u4e2d\u5fc3"}, {"key": "0921", "value": "\u677e\u6c5f\u65b0\u57ce"}, {"key": "0922", "value": "\u677e\u6c5f\u5927\u5b66\u57ce"}, {"key": "0923", "value": "\u6d1e\u6cfe"}, {"key": "0924", "value": "\u4f58\u5c71"}, {"key": "0925", "value": "\u6cd7\u6cfe"}, {"key": "0926", "value": "\u4e5d\u4ead"}, {"key": "0927", "value": "\u4e2d\u6625\u8def"}, {"key": "0928", "value": "\u4e03\u5b9d"}, {"key": "0929", "value": "\u661f\u4e2d\u8def"}, {"key": "0930", "value": "\u5408\u5ddd\u8def"}, {"key": "0931", "value": "\u6f15\u6cb3\u6cfe\u5f00\u53d1\u533a"}, {"key": "0932", "value": "\u6842\u6797\u8def"}, {"key": "0933", "value": "\u5b9c\u5c71\u8def"}, {"key": "0934", "value": "\u5f90\u5bb6\u6c47"}, {"key": "0935", "value": "\u8087\u5609\u6d5c\u8def"}, {"key": "0936", "value": "\u5609\u5584\u8def"}, {"key": "0937", "value": "\u6253\u6d66\u6865"}, {"key": "0938", "value": "\u9a6c\u5f53\u8def"}, {"key": "0939", "value": "\u9646\u5bb6\u6d5c\u8def"}, {"key": "0940", "value": "\u5c0f\u5357\u95e8"}, {"key": "0941", "value": "\u5546\u57ce\u8def"}, {"key": "0942", "value": "\u4e16\u7eaa\u5927\u9053"}, {"key": "0943", "value": "\u6768\u9ad8\u4e2d\u8def"}, {"key": "0944", "value": "\u82b3\u7538\u8def"}, {"key": "0945", "value": "\u84dd\u5929\u8def"}, {"key": "0946", "value": "\u53f0\u513f\u5e84\u8def"}, {"key": "0947", "value": "\u91d1\u6865"}, {"key": "0948", "value": "\u91d1\u5409\u8def"}, {"key": "0949", "value": "\u91d1\u6d77\u8def"}, {"key": "0950", "value": "\u987e\u5510\u8def"}, {"key": "0951", "value": "\u6c11\u96f7\u8def"}, {"key": "0952", "value": "\u66f9\u8def"}, {"key": "1018", "value": "\u822a\u4e2d\u8def"}, {"key": "1019", "value": "\u7d2b\u85e4\u8def"}, {"key": "1020", "value": "\u9f99\u67cf\u65b0\u6751"}, {"key": "1041", "value": "\u8679\u6865\u706b\u8f66\u7ad9"}, {"key": "1042", "value": "\u8679\u68652\u53f7\u822a\u7ad9\u697c"}, {"key": "1043", "value": "\u8679\u68651\u53f7\u822a\u7ad9\u697c"}, {"key": "1044", "value": "\u4e0a\u6d77\u52a8\u7269\u56ed"}, {"key": "1045", "value": "\u9f99\u6eaa\u8def"}, {"key": "1046", "value": "\u6c34\u57ce\u8def"}, {"key": "1047", "value": "\u4f0a\u7281\u8def"}, {"key": "1048", "value": "\u5b8b\u56ed\u8def"}, {"key": "1049", "value": "\u8679\u6865\u8def"}, {"key": "1050", "value": "\u4ea4\u901a\u5927\u5b66"}, {"key": "1051", "value": "\u4e0a\u6d77\u56fe\u4e66\u9986"}, {"key": "1052", "value": "\u9655\u897f\u5357\u8def"}, {"key": "1053", "value": "\u65b0\u5929\u5730"}, {"key": "1054", "value": "\u8001\u897f\u95e8"}, {"key": "1055", "value": "\u8c6b\u56ed"}, {"key": "1056", "value": "\u5357\u4eac\u4e1c\u8def"}, {"key": "1057", "value": "\u5929\u6f7c\u8def"}, {"key": "1058", "value": "\u56db\u5ddd\u5317\u8def"}, {"key": "1059", "value": "\u6d77\u4f26\u8def"}, {"key": "1060", "value": "\u90ae\u7535\u65b0\u6751"}, {"key": "1061", "value": "\u56db\u5e73\u8def"}, {"key": "1062", "value": "\u540c\u6d4e\u5927\u5b66"}, {"key": "1063", "value": "\u56fd\u6743\u8def"}, {"key": "1064", "value": "\u4e94\u89d2\u573a"}, {"key": "1065", "value": "\u6c5f\u6e7e\u4f53\u80b2\u573a"}, {"key": "1066", "value": "\u4e09\u95e8\u8def"}, {"key": "1067", "value": "\u6bb7\u9ad8\u4e1c\u8def "}, {"key": "1068", "value": "\u65b0\u6c5f\u6e7e\u57ce"}, {"key": "1114", "value": "\u82b1\u6865"}, {"key": "1115", "value": "\u5149\u660e\u8def"}, {"key": "1116", "value": "\u5146\u4e30\u8def"}, {"key": "1117", "value": "\u5b89\u4ead"}, {"key": "1118", "value": "\u4e0a\u6d77\u6c7d\u8f66\u57ce"}, {"key": "1119", "value": "\u660c\u5409\u4e1c\u8def"}, {"key": "1120", "value": "\u4e0a\u6d77\u8d5b\u8f66\u573a"}, {"key": "1131", "value": "\u5609\u5b9a\u5317"}, {"key": "1132", "value": "\u5609\u5b9a\u897f"}, {"key": "1133", "value": "\u767d\u94f6\u8def"}, {"key": "1134", "value": "\u5609\u5b9a\u65b0\u57ce"}, {"key": "1135", "value": "\u9a6c\u9646"}, {"key": "1137", "value": "\u5357\u7fd4"}, {"key": "1138", "value": "\u6843\u6d66\u65b0\u6751"}, {"key": "1139", "value": "\u6b66\u5a01\u8def"}, {"key": "1140", "value": "\u7941\u8fde\u5c71\u8def"}, {"key": "1141", "value": "\u674e\u5b50\u56ed"}, {"key": "1142", "value": "\u4e0a\u6d77\u897f\u7ad9"}, {"key": "1143", "value": "\u771f\u5982"}, {"key": "1144", "value": "\u67ab\u6865\u8def"}, {"key": "1145", "value": "\u66f9\u6768\u8def"}, {"key": "1146", "value": "\u9686\u5fb7\u8def"}, {"key": "1147", "value": "\u6c5f\u82cf\u8def"}, {"key": "1148", "value": "\u4ea4\u901a\u5927\u5b66"}, {"key": "1149", "value": "\u5f90\u5bb6\u6c47"}, {"key": "1150", "value": "\u4e0a\u6d77\u6e38\u6cf3\u9986"}, {"key": "1151", "value": "\u9f99\u534e"}, {"key": "1152", "value": "\u4e91\u9526\u8def"}, {"key": "1153", "value": "\u9f99\u8000\u8def"}, {"key": "1154", "value": "\u4e1c\u65b9\u4f53\u80b2\u4e2d\u5fc3"}, {"key": "1155", "value": "\u4e09\u6797"}, {"key": "1156", "value": "\u4e09\u6797\u4e1c"}, {"key": "1157", "value": "\u6d66\u4e09\u8def"}, {"key": "1158", "value": "\u4e25\u5fa1\u8def"}, {"key": "1159", "value": "\u5fa1\u6865"}, {"key": "1160", "value": "\u7f57\u5c71\u8def"}, {"key": "1161", "value": "\u79c0\u6cbf\u8def"}, {"key": "1162", "value": "\u5eb7\u65b0\u516c\u8def"}, {"key": "1163", "value": "\u8fea\u58eb\u5c3c"}, {"key": "1220", "value": "\u4e03\u8398\u8def"}, {"key": "1221", "value": "\u8679\u8398\u8def"}, {"key": "1222", "value": "\u987e\u6234\u8def"}, {"key": "1223", "value": "\u4e1c\u5170\u8def"}, {"key": "1224", "value": "\u8679\u6885\u8def"}, {"key": "1225", "value": "\u8679\u6f15\u8def"}, {"key": "1226", "value": "\u6842\u6797\u516c\u56ed"}, {"key": "1227", "value": "\u6f15\u5b9d\u8def"}, {"key": "1228", "value": "\u9f99\u6f15\u8def"}, {"key": "1229", "value": "\u9f99\u534e"}, {"key": "1230", "value": "\u9f99\u534e\u4e2d\u8def"}, {"key": "1231", "value": "\u5927\u6728\u6865\u8def"}, {"key": "1232", "value": "\u5609\u5584\u8def"}, {"key": "1233", "value": "\u9655\u897f\u5357\u8def"}, {"key": "1234", "value": "\u5357\u4eac\u897f\u8def"}, {"key": "1235", "value": "\u6c49\u4e2d\u8def"}, {"key": "1236", "value": "\u66f2\u961c\u8def"}, {"key": "1237", "value": "\u5929\u6f7c\u8def"}, {"key": "1238", "value": "\u56fd\u9645\u5ba2\u8fd0\u4e2d\u5fc3"}, {"key": "1239", "value": "\u63d0\u7bee\u6865"}, {"key": "1240", "value": "\u5927\u8fde\u8def"}, {"key": "1241", "value": "\u6c5f\u6d66\u516c\u56ed"}, {"key": "1242", "value": "\u5b81\u56fd\u8def"}, {"key": "1243", "value": "\u9686\u660c\u8def"}, {"key": "1244", "value": "\u7231\u56fd\u8def"}, {"key": "1245", "value": "\u590d\u5174\u5c9b"}, {"key": "1246", "value": "\u4e1c\u9646\u8def"}, {"key": "1247", "value": "\u5de8\u5cf0\u8def"}, {"key": "1248", "value": "\u6768\u9ad8\u5317\u8def"}, {"key": "1249", "value": "\u91d1\u4eac\u8def"}, {"key": "1250", "value": "\u7533\u6c5f\u8def"}, {"key": "1251", "value": "\u91d1\u6d77\u8def"}, {"key": "1321", "value": "\u91d1\u8fd0\u8def"}, {"key": "1322", "value": "\u91d1\u6c99\u6c5f\u897f\u8def"}, {"key": "1323", "value": "\u4e30\u5e84"}, {"key": "1324", "value": "\u7941\u8fde\u5c71\u5357\u8def"}, {"key": "1325", "value": "\u771f\u5317\u8def"}, {"key": "1326", "value": "\u5927\u6e21\u6cb3\u8def"}, {"key": "1327", "value": "\u91d1\u6c99\u6c5f\u8def"}, {"key": "1328", "value": "\u9686\u5fb7\u8def"}, {"key": "1329", "value": "\u6b66\u5b81\u8def"}, {"key": "1330", "value": "\u957f\u5bff\u8def"}, {"key": "1331", "value": "\u6c5f\u5b81\u8def"}, {"key": "1332", "value": "\u6c49\u4e2d\u8def"}, {"key": "1333", "value": "\u81ea\u7136\u535a\u7269\u9986"}, {"key": "1334", "value": "\u5357\u4eac\u897f\u8def"}, {"key": "1335", "value": "\u6dee\u6d77\u4e2d\u8def"}, {"key": "1336", "value": "\u65b0\u5929\u5730"}, {"key": "1337", "value": "\u9a6c\u5f53\u8def"}, {"key": "1338", "value": "\u4e16\u535a\u4f1a\u535a\u7269\u9986"}, {"key": "1339", "value": "\u4e16\u535a\u5927\u9053"}, {"key": "1621", "value": "\u9f99\u9633\u8def"}, {"key": "1622", "value": "\u534e\u590f\u4e2d\u8def"}, {"key": "1623", "value": "\u7f57\u5c71\u8def"}, {"key": "1624", "value": "\u5468\u6d66\u4e1c"}, {"key": "1625", "value": "\u9e64\u6c99\u822a\u57ce"}, {"key": "1626", "value": "\u822a\u5934\u4e1c"}, {"key": "1627", "value": "\u65b0\u573a"}, {"key": "1628", "value": "\u91ce\u751f\u52a8\u7269\u56ed"}, {"key": "1629", "value": "\u60e0\u5357"}, {"key": "1630", "value": "\u60e0\u5357\u4e1c"}, {"key": "1631", "value": "\u4e66\u9662"}, {"key": "1632", "value": "\u4e34\u6e2f\u5927\u9053"}, {"key": "1633", "value": "\u6ef4\u6c34\u6e56"}, {"key": "1721", "value": "\u8679\u6865\u706b\u8f66\u7ad9"}, {"key": "1722", "value": "\u8bf8\u5149\u8def"}, {"key": "1723", "value": "\u87e0\u9f99\u8def"}, {"key": "1724", "value": "\u5f90\u76c8\u8def"}, {"key": "1725", "value": "\u5f90\u6cfe\u5317\u57ce"}, {"key": "1726", "value": "\u5609\u677e\u4e2d\u8def"}, {"key": "1727", "value": "\u8d75\u5df7"}, {"key": "1728", "value": "\u6c47\u91d1\u8def"}, {"key": "1729", "value": "\u9752\u6d66\u65b0\u57ce"}, {"key": "1730", "value": "\u6f15\u76c8\u8def"}, {"key": "1731", "value": "\u6dc0\u5c71\u6e56\u5927\u9053"}, {"key": "1732", "value": "\u6731\u5bb6\u89d2"}, {"key": "1733", "value": "\u4e1c\u65b9\u7eff\u821f"}, {"key": "4101", "value": "\u6c88\u675c\u516c\u8def"}, {"key": "4102", "value": "\u4e09\u9c81\u516c\u8def"}, {"key": "4103", "value": "\u95f5\u745e\u8def"}, {"key": "4104", "value": "\u6d66\u822a\u8def"}, {"key": "4105", "value": "\u4e1c\u57ce\u4e00\u8def"}, {"key": "4106", "value": "\u6c47\u81fb\u8def"}]